subject,body,text,language,script,code_mixed,transliterated,label,origin_type,template_group
आपका एसबीआई बैंक खाता तुरंत सत्यापित करें,"प्रिय ग्राहक, आपका एसबीआई बैंक खाता आज रात 12 बजे तक निलंबित कर दिया जाएगा। तुरंत अपना पैन और आधार कार्ड सत्यापित करें: http://sbi-kyc-verify-portal.in","आपका एसबीआई बैंक खाता तुरंत सत्यापित करें
प्रिय ग्राहक, आपका एसबीआई बैंक खाता आज रात 12 बजे तक निलंबित कर दिया जाएगा। तुरंत अपना पैन और आधार कार्ड सत्यापित करें: http://sbi-kyc-verify-portal.in",hi,devanagari,False,False,1,real_curated,kyc_banking_hi_01
बिजली बिल भुगतान अंतिम चेतावनी,अंतिम चेतावनी: आपके बिजली कनेक्शन का बिल लंबित है। आज शाम तक भुगतान न करने पर बिजली काट दी जाएगी। यहां क्लिक करें: http://bijli-bill-update.online,"बिजली बिल भुगतान अंतिम चेतावनी
अंतिम चेतावनी: आपके बिजली कनेक्शन का बिल लंबित है। आज शाम तक भुगतान न करने पर बिजली काट दी जाएगी। यहां क्लिक करें: http://bijli-bill-update.online",hi,devanagari,False,False,1,real_curated,utility_hi_02
आयकर रिफंड स्वीकृति सूचना,"आयकर विभाग: आपको 24,500 रुपये का टैक्स रिफंड स्वीकृत किया गया है। रिफंड राशि प्राप्त करने के लिए अपना खाता विवरण दर्ज करें: http://incometax-refund-claim.co.in","आयकर रिफंड स्वीकृति सूचना
आयकर विभाग: आपको 24,500 रुपये का टैक्स रिफंड स्वीकृत किया गया है। रिफंड राशि प्राप्त करने के लिए अपना खाता विवरण दर्ज करें: http://incometax-refund-claim.co.in",hi,devanagari,False,False,1,real_curated,tax_refund_hi_03
गूगल पे सुरक्षा चेतावनी: संदिग्ध लेनदेन,"सावधान: आपके गूगल पे खाते से 10,000 रुपये का अनधिकृत लेनदेन दर्ज हुआ है। यदि यह आप नहीं हैं तो तुरंत रद्द करें: http://gpay-fraud-cancel.xyz","गूगल पे सुरक्षा चेतावनी: संदिग्ध लेनदेन
सावधान: आपके गूगल पे खाते से 10,000 रुपये का अनधिकृत लेनदेन दर्ज हुआ है। यदि यह आप नहीं हैं तो तुरंत रद्द करें: http://gpay-fraud-cancel.xyz",hi,devanagari,False,False,1,real_curated,upi_fraud_hi_04
लकी ड्रॉ पुरस्कार सूचना,बधाई हो! आपने लकी ड्रॉ में 5 लाख रुपये जीते हैं। अपना पुरस्कार प्राप्त करने के लिए ओटीपी और बैंक विवरण साझा करें।,"लकी ड्रॉ पुरस्कार सूचना
बधाई हो! आपने लकी ड्रॉ में 5 लाख रुपये जीते हैं। अपना पुरस्कार प्राप्त करने के लिए ओटीपी और बैंक विवरण साझा करें।",hi,devanagari,False,False,1,real_curated,lottery_hi_05
एचडीएफसी कार्ड सुरक्षा चेतावनी,महत्वपूर्ण: आपके क्रेडिट कार्ड पर संदिग्ध लेनदेन पाया गया है। कार्ड ब्लॉक होने से बचाने के लिए यहां लॉगिन करें: http://hdfc-card-safety.top,"एचडीएफसी कार्ड सुरक्षा चेतावनी
महत्वपूर्ण: आपके क्रेडिट कार्ड पर संदिग्ध लेनदेन पाया गया है। कार्ड ब्लॉक होने से बचाने के लिए यहां लॉगिन करें: http://hdfc-card-safety.top",hi,devanagari,False,False,1,real_curated,card_fraud_hi_06
जिओ सिम ई-केवाईसी तत्काल अपडेट,"प्रिय उपयोगकर्ता, आपका सिम कार्ड 24 घंटे में निष्क्रिय हो जाएगा। अपनी ई-केवाईसी तुरंत पूरी करें: http://jio-kyc-reactivate.biz","जिओ सिम ई-केवाईसी तत्काल अपडेट
प्रिय उपयोगकर्ता, आपका सिम कार्ड 24 घंटे में निष्क्रिय हो जाएगा। अपनी ई-केवाईसी तुरंत पूरी करें: http://jio-kyc-reactivate.biz",hi,devanagari,False,False,1,real_curated,telecom_hi_07
पीएम आवास योजना अनुदान सूचना,सरकारी योजना: प्रधानमंत्री आवास योजना के तहत आपको अनुदान मिला है। दावा करने के लिए आधार लिंक करें: http://pm-yojana-grant.info,"पीएम आवास योजना अनुदान सूचना
सरकारी योजना: प्रधानमंत्री आवास योजना के तहत आपको अनुदान मिला है। दावा करने के लिए आधार लिंक करें: http://pm-yojana-grant.info",hi,devanagari,False,False,1,real_curated,gov_scheme_hi_08
अमेज़न कैशबैक रिवॉर्ड दावा,"अमेज़न रिवॉर्ड: आपके खाते में 2,000 रुपये का कैशबैक पॉइंट जमा हुआ है। रिडीम करने के लिए पासवर्ड सत्यापित करें: http://amazon-cashback-claim.site","अमेज़न कैशबैक रिवॉर्ड दावा
अमेज़न रिवॉर्ड: आपके खाते में 2,000 रुपये का कैशबैक पॉइंट जमा हुआ है। रिडीम करने के लिए पासवर्ड सत्यापित करें: http://amazon-cashback-claim.site",hi,devanagari,False,False,1,real_curated,rewards_hi_09
नेट बैंकिंग पासवर्ड नवीनीकरण,तत्काल सूचना: आपका नेट बैंकिंग पासवर्ड समाप्त हो गया है। नया पासवर्ड सेट करने के लिए लिंक पर जाएं: http://icici-netbanking-renew.in,"नेट बैंकिंग पासवर्ड नवीनीकरण
तत्काल सूचना: आपका नेट बैंकिंग पासवर्ड समाप्त हो गया है। नया पासवर्ड सेट करने के लिए लिंक पर जाएं: http://icici-netbanking-renew.in",hi,devanagari,False,False,1,real_curated,password_hi_10
खाता जमा सूचना,"प्रिय ग्राहक, आपके बचत खाते में 5,000 रुपये जमा किए गए हैं। शेष राशि जांचने के लिए हमारे आधिकारिक ऐप का उपयोग करें।","खाता जमा सूचना
प्रिय ग्राहक, आपके बचत खाते में 5,000 रुपये जमा किए गए हैं। शेष राशि जांचने के लिए हमारे आधिकारिक ऐप का उपयोग करें।",hi,devanagari,False,False,0,real_curated,legit_bank_hi_01
परियोजना बैठक आमंत्रण,"नमस्कार, आपकी आगामी बैठक 10 मार्च को सुबह 11 बजे निर्धारित की गई है। कृपया समय पर उपस्थित रहें।","परियोजना बैठक आमंत्रण
नमस्कार, आपकी आगामी बैठक 10 मार्च को सुबह 11 बजे निर्धारित की गई है। कृपया समय पर उपस्थित रहें।",hi,devanagari,False,False,0,real_curated,legit_meeting_hi_02
होली अवकाश सूचना,कर्मचारी सूचना: होली के अवसर पर कार्यालय 25 मार्च को बंद रहेगा। सभी को शुभकामनाएं।,"होली अवकाश सूचना
कर्मचारी सूचना: होली के अवसर पर कार्यालय 25 मार्च को बंद रहेगा। सभी को शुभकामनाएं।",hi,devanagari,False,False,0,real_curated,legit_hr_hi_03
परीक्षा परिणाम घोषणा,"प्रिय छात्र, आपकी सेमेस्टर परीक्षा का परिणाम आधिकारिक पोर्टल पर घोषित कर दिया गया है।","परीक्षा परिणाम घोषणा
प्रिय छात्र, आपकी सेमेस्टर परीक्षा का परिणाम आधिकारिक पोर्टल पर घोषित कर दिया गया है।",hi,devanagari,False,False,0,real_curated,legit_edu_hi_04
आईआरसीटीसी टिकट बुकिंग पुष्टि,आपकी ट्रेन टिकट की बुकिंग सफल रही है। पीएनआर नंबर 4829102910 है। यात्रा मंगलमय हो।,"आईआरसीटीसी टिकट बुकिंग पुष्टि
आपकी ट्रेन टिकट की बुकिंग सफल रही है। पीएनआर नंबर 4829102910 है। यात्रा मंगलमय हो।",hi,devanagari,False,False,0,real_curated,legit_travel_hi_05
मासिक प्रगति रिपोर्ट,मासिक रिपोर्ट संलग्न है। कृपया इसकी समीक्षा करें और अपनी प्रतिक्रिया दें।,"मासिक प्रगति रिपोर्ट
मासिक रिपोर्ट संलग्न है। कृपया इसकी समीक्षा करें और अपनी प्रतिक्रिया दें।",hi,devanagari,False,False,0,real_curated,legit_corp_hi_06
सिस्टम रखरखाव सूचना,कृपया ध्यान दें कि सर्वर रखरखाव के कारण शनिवार रात को 2 घंटे वेबसाइट बंद रहेगी।,"सिस्टम रखरखाव सूचना
कृपया ध्यान दें कि सर्वर रखरखाव के कारण शनिवार रात को 2 घंटे वेबसाइट बंद रहेगी।",hi,devanagari,False,False,0,real_curated,legit_it_hi_07
स्वास्थ्य बीमा नवीनीकरण,वार्षिक स्वास्थ्य बीमा नवीनीकरण फॉर्म एचआर पोर्टल पर उपलब्ध है। कृपया इसे भरें।,"स्वास्थ्य बीमा नवीनीकरण
वार्षिक स्वास्थ्य बीमा नवीनीकरण फॉर्म एचआर पोर्टल पर उपलब्ध है। कृपया इसे भरें।",hi,devanagari,False,False,0,real_curated,legit_hr_hi_08
வங்கி கணக்கு முடக்கம் எச்சரிக்கை,"அன்புள்ள வாடிக்கையாளரே, உங்கள் எஸ்பிஐ வங்கி கணக்கு இன்று இரவு முடக்கப்படும். உடனே கேஒய்சி சரிபார்க்கவும்: http://sbi-tamil-kyc.in","வங்கி கணக்கு முடக்கம் எச்சரிக்கை
அன்புள்ள வாடிக்கையாளரே, உங்கள் எஸ்பிஐ வங்கி கணக்கு இன்று இரவு முடக்கப்படும். உடனே கேஒய்சி சரிபார்க்கவும்: http://sbi-tamil-kyc.in",ta,tamil,False,False,1,real_curated,kyc_ta_01
மின் இணைப்பு துண்டிப்பு எச்சரிக்கை,கடைசி எச்சரிக்கை: உங்கள் மின் கட்டணம் செலுத்தப்படவில்லை. இன்றே துண்டிக்கப்படும். செலுத்த கிளிக் செய்யவும்: http://tneb-bill-pay.xyz,"மின் இணைப்பு துண்டிப்பு எச்சரிக்கை
கடைசி எச்சரிக்கை: உங்கள் மின் கட்டணம் செலுத்தப்படவில்லை. இன்றே துண்டிக்கப்படும். செலுத்த கிளிக் செய்யவும்: http://tneb-bill-pay.xyz",ta,tamil,False,False,1,real_curated,utility_ta_02
வரி திரும்பப்பெறுதல் அறிவிப்பு,"வருமான வரித்துறை: உங்களுக்கு ரூ. 18,500 வரி திரும்பப்பெறுதல் தயாராக உள்ளது. பெற வங்கி விவரங்களை உள்ளிடவும்: http://it-refund-tamil.top","வரி திரும்பப்பெறுதல் அறிவிப்பு
வருமான வரித்துறை: உங்களுக்கு ரூ. 18,500 வரி திரும்பப்பெறுதல் தயாராக உள்ளது. பெற வங்கி விவரங்களை உள்ளிடவும்: http://it-refund-tamil.top",ta,tamil,False,False,1,real_curated,tax_ta_03
ஜிபே பாதுகாப்பு எச்சரிக்கை,எச்சரிக்கை: உங்கள் ஜிபே கணக்கில் சந்தேகத்திற்கிடமான பரிவர்த்தனை நடந்துள்ளது. ரத்து செய்ய கிளிக் செய்யவும்: http://gpay-cancel-tamil.site,"ஜிபே பாதுகாப்பு எச்சரிக்கை
எச்சரிக்கை: உங்கள் ஜிபே கணக்கில் சந்தேகத்திற்கிடமான பரிவர்த்தனை நடந்துள்ளது. ரத்து செய்ய கிளிக் செய்யவும்: http://gpay-cancel-tamil.site",ta,tamil,False,False,1,real_curated,upi_ta_04
பரிசு குலுக்கல் வெற்றி அறிவிப்பு,வாழ்த்துக்கள்! உங்கள் தொலைபேசி எண் ரூ. 10 லட்சம் பரிசு வென்றுள்ளது. பெற வங்கி விவரங்களை பகிரவும்.,"பரிசு குலுக்கல் வெற்றி அறிவிப்பு
வாழ்த்துக்கள்! உங்கள் தொலைபேசி எண் ரூ. 10 லட்சம் பரிசு வென்றுள்ளது. பெற வங்கி விவரங்களை பகிரவும்.",ta,tamil,False,False,1,real_curated,lottery_ta_05
ஏடிஎம் கார்டு புதுப்பித்தல்,முக்கிய அறிவிப்பு: உங்கள் ஏடிஎம் கார்டு காலாவதியாகிறது. புதுப்பிக்க உடனே கடவுச்சொல் சரிபார்க்கவும்: http://card-renew-tamil.biz,"ஏடிஎம் கார்டு புதுப்பித்தல்
முக்கிய அறிவிப்பு: உங்கள் ஏடிஎம் கார்டு காலாவதியாகிறது. புதுப்பிக்க உடனே கடவுச்சொல் சரிபார்க்கவும்: http://card-renew-tamil.biz",ta,tamil,False,False,1,real_curated,card_ta_06
சிம் கார்டு கேஒய்சி சரிபார்ப்பு,உங்கள் ஏர்டெல் சிம் கார்டு 24 மணி நேரத்தில் முடக்கப்படும். உடனே ஆவணங்களை புதுப்பிக்கவும்: http://airtel-kyc-tamil.online,"சிம் கார்டு கேஒய்சி சரிபார்ப்பு
உங்கள் ஏர்டெல் சிம் கார்டு 24 மணி நேரத்தில் முடக்கப்படும். உடனே ஆவணங்களை புதுப்பிக்கவும்: http://airtel-kyc-tamil.online",ta,tamil,False,False,1,real_curated,telecom_ta_07
அரசு மகளிர் உதவித்தொகை,"அரசு நலத்திட்டம்: குடும்ப தலைவிகளுக்கு ரூ. 5,000 உதவித்தொகை. பெற ஆதார் எண்ணை உள்ளிடவும்: http://tn-gov-scheme-verify.in","அரசு மகளிர் உதவித்தொகை
அரசு நலத்திட்டம்: குடும்ப தலைவிகளுக்கு ரூ. 5,000 உதவித்தொகை. பெற ஆதார் எண்ணை உள்ளிடவும்: http://tn-gov-scheme-verify.in",ta,tamil,False,False,1,real_curated,gov_ta_08
நெட்பேங்கிங் பாதுகாப்பு பூட்டு,உங்கள் நெட்பேங்கிங் கணக்கு தற்காலிகமாக பூட்டப்பட்டுள்ளது. திறக்க கடவுச்சொல்லை உள்ளிடவும்: http://canara-login-tamil.xyz,"நெட்பேங்கிங் பாதுகாப்பு பூட்டு
உங்கள் நெட்பேங்கிங் கணக்கு தற்காலிகமாக பூட்டப்பட்டுள்ளது. திறக்க கடவுச்சொல்லை உள்ளிடவும்: http://canara-login-tamil.xyz",ta,tamil,False,False,1,real_curated,bank_ta_09
தபால் டெலிவரி தோல்வி எச்சரிக்கை,அவசர அறிவிப்பு: உங்கள் பார்சல் டெலிவரி செய்ய முடியவில்லை. முகவரியை சரிபார்க்க ரூ. 10 செலுத்தவும்: http://india-post-tamil.top,"தபால் டெலிவரி தோல்வி எச்சரிக்கை
அவசர அறிவிப்பு: உங்கள் பார்சல் டெலிவரி செய்ய முடியவில்லை. முகவரியை சரிபார்க்க ரூ. 10 செலுத்தவும்: http://india-post-tamil.top",ta,tamil,False,False,1,real_curated,delivery_ta_10
வங்கி கணக்கு வரவு அறிவிப்பு,"அன்புள்ள வாடிக்கையாளரே, உங்கள் கணக்கில் ரூ. 2,000 வரவு வைக்கப்பட்டுள்ளது. விவரங்களுக்கு அதிகாரப்பூர்வ செயலியை பார்க்கவும்.","வங்கி கணக்கு வரவு அறிவிப்பு
அன்புள்ள வாடிக்கையாளரே, உங்கள் கணக்கில் ரூ. 2,000 வரவு வைக்கப்பட்டுள்ளது. விவரங்களுக்கு அதிகாரப்பூர்வ செயலியை பார்க்கவும்.",ta,tamil,False,False,0,real_curated,legit_bank_ta_01
திட்ட மீட்டிங் அறிவிப்பு,"வணக்கம், திட்ட மீட்டிங் நாளை பிற்பகல் 2 மணிக்கு நடைபெறும். அனைவரும் கலந்துகொள்ளவும்.","திட்ட மீட்டிங் அறிவிப்பு
வணக்கம், திட்ட மீட்டிங் நாளை பிற்பகல் 2 மணிக்கு நடைபெறும். அனைவரும் கலந்துகொள்ளவும்.",ta,tamil,False,False,0,real_curated,legit_meeting_ta_02
பொங்கல் விடுமுறை அறிவிப்பு,பொங்கல் பண்டிகையை முன்னிட்டு அலுவலகத்திற்கு 3 நாட்கள் விடுமுறை அளிக்கப்படுகிறது.,"பொங்கல் விடுமுறை அறிவிப்பு
பொங்கல் பண்டிகையை முன்னிட்டு அலுவலகத்திற்கு 3 நாட்கள் விடுமுறை அளிக்கப்படுகிறது.",ta,tamil,False,False,0,real_curated,legit_hr_ta_03
தேர்வு முடிவுகள் வெளியீடு,உங்கள் கல்லூரி தேர்வு முடிவுகள் இணையதளத்தில் வெளியிடப்பட்டுள்ளன. பார்த்துக்கொள்ளவும்.,"தேர்வு முடிவுகள் வெளியீடு
உங்கள் கல்லூரி தேர்வு முடிவுகள் இணையதளத்தில் வெளியிடப்பட்டுள்ளன. பார்த்துக்கொள்ளவும்.",ta,tamil,False,False,0,real_curated,legit_edu_ta_04
ரயில் டிக்கெட் பதிவு உறுதி,உங்கள் ரயில் டிக்கெட் முன்பதிவு வெற்றிகரமாக முடிந்தது. நல்வரவு.,"ரயில் டிக்கெட் பதிவு உறுதி
உங்கள் ரயில் டிக்கெட் முன்பதிவு வெற்றிகரமாக முடிந்தது. நல்வரவு.",ta,tamil,False,False,0,real_curated,legit_travel_ta_05
விற்பனை அறிக்கை பகிர்வு,மாதாந்திர விற்பனை அறிக்கை இணைக்கப்பட்டுள்ளது. தயவுசெய்து சரிபார்க்கவும்.,"விற்பனை அறிக்கை பகிர்வு
மாதாந்திர விற்பனை அறிக்கை இணைக்கப்பட்டுள்ளது. தயவுசெய்து சரிபார்க்கவும்.",ta,tamil,False,False,0,real_curated,legit_corp_ta_06
இணைய சேவை பராமரிப்பு,அலுவலக இணைய சேவை பராமரிப்பு காரணமாக ஞாயிறு காலை சிறிது நேரம் தடைபடலாம்.,"இணைய சேவை பராமரிப்பு
அலுவலக இணைய சேவை பராமரிப்பு காரணமாக ஞாயிறு காலை சிறிது நேரம் தடைபடலாம்.",ta,tamil,False,False,0,real_curated,legit_it_ta_07
மருத்துவ காப்பீட்டு படிவம்,ஆண்டு மருத்துவ காப்பீட்டு படிவத்தை பூர்த்தி செய்து சமர்ப்பிக்கவும்.,"மருத்துவ காப்பீட்டு படிவம்
ஆண்டு மருத்துவ காப்பீட்டு படிவத்தை பூர்த்தி செய்து சமர்ப்பிக்கவும்.",ta,tamil,False,False,0,real_curated,legit_hr_ta_08
Urgent: Account block warning,"Dear customer, aapka bank account block ho jayega within 24 hours. Please click link to verify KYC: http://bank-kyc-update.xyz","Urgent: Account block warning
Dear customer, aapka bank account block ho jayega within 24 hours. Please click link to verify KYC: http://bank-kyc-update.xyz",hi+en,latin,True,True,1,synthetic_augmented,hinglish_phish_01
Electricity disconnection notice,Important: Aapka electricity bill unpaid hai. Aaj power cut ho jayega. Pay now immediately: http://bijli-pay.online,"Electricity disconnection notice
Important: Aapka electricity bill unpaid hai. Aaj power cut ho jayega. Pay now immediately: http://bijli-pay.online",hi+en,latin,True,True,1,synthetic_augmented,hinglish_phish_02
Tax refund credit alert,"Income Tax Alert: Aapka refund of Rs 35,000 approve ho gaya hai. Account details verify karein: http://tax-refund-gov.in","Tax refund credit alert
Income Tax Alert: Aapka refund of Rs 35,000 approve ho gaya hai. Account details verify karein: http://tax-refund-gov.in",hi+en,latin,True,True,1,synthetic_augmented,hinglish_phish_03
Paytm security alert,Security Notice: Aapke Paytm account se suspicious transaction detect hui hai. Cancel karne ke liye link open karein: http://paytm-security.top,"Paytm security alert
Security Notice: Aapke Paytm account se suspicious transaction detect hui hai. Cancel karne ke liye link open karein: http://paytm-security.top",hi+en,latin,True,True,1,synthetic_augmented,hinglish_phish_04
Lucky draw prize alert,Congratulations! Aapne lucky draw me Rs 25 Lakh jeeta hai. Claim karne ke liye OTP share karein.,"Lucky draw prize alert
Congratulations! Aapne lucky draw me Rs 25 Lakh jeeta hai. Claim karne ke liye OTP share karein.",hi+en,latin,True,True,1,synthetic_augmented,hinglish_phish_05
Credit card suspension notice,Urgent: Aapka credit card suspend ho raha hai due to inactivity. Reactivate karne ke liye CVV aur OTP enter karein: http://card-reactivate.site,"Credit card suspension notice
Urgent: Aapka credit card suspend ho raha hai due to inactivity. Reactivate karne ke liye CVV aur OTP enter karein: http://card-reactivate.site",hi+en,latin,True,True,1,synthetic_augmented,hinglish_phish_06
Jio SIM KYC verification,Aapka Jio SIM e-KYC pending hai. 12 hours me service band ho jayegi. Update karein: http://jio-kyc-verify.xyz,"Jio SIM KYC verification
Aapka Jio SIM e-KYC pending hai. 12 hours me service band ho jayegi. Update karein: http://jio-kyc-verify.xyz",hi+en,latin,True,True,1,synthetic_augmented,hinglish_phish_07
Payroll credential verification,"Dear Employee, aapka salary disbursement hold pe hai. Verify your PAN and bank credentials here: http://payroll-portal-login.net","Payroll credential verification
Dear Employee, aapka salary disbursement hold pe hai. Verify your PAN and bank credentials here: http://payroll-portal-login.net",hi+en,latin,True,True,1,synthetic_augmented,hinglish_phish_08
Amazon order fraud alert,"Your Amazon order of Rs 45,999 placed successfully. Agar aapne order nahi kiya to click karke cancel karein: http://amazon-order-cancel.xyz","Amazon order fraud alert
Your Amazon order of Rs 45,999 placed successfully. Agar aapne order nahi kiya to click karke cancel karein: http://amazon-order-cancel.xyz",hi+en,latin,True,True,1,synthetic_augmented,hinglish_phish_09
Netflix payment update required,Netflix account payment failed. Subscription cancel ho jayega. Card details update karein: http://netflix-billing-update.top,"Netflix payment update required
Netflix account payment failed. Subscription cancel ho jayega. Card details update karein: http://netflix-billing-update.top",hi+en,latin,True,True,1,synthetic_augmented,hinglish_phish_10
Quarterly budget review,"Hi team, please find the quarterly budget report attached. Feedback submit karein by Friday.","Quarterly budget review
Hi team, please find the quarterly budget report attached. Feedback submit karein by Friday.",hi+en,latin,True,True,0,real_curated,legit_hinglish_01
Project status sync meeting,"Team, kal subah 10 AM project status sync meeting hai. Please join on Google Meet.","Project status sync meeting
Team, kal subah 10 AM project status sync meeting hai. Please join on Google Meet.",hi+en,latin,True,True,0,real_curated,legit_hinglish_02
Diwali celebration notice,Diwali celebration office me 12th November ko hoga. Dress code traditional hai.,"Diwali celebration notice
Diwali celebration office me 12th November ko hoga. Dress code traditional hai.",hi+en,latin,True,True,0,real_curated,legit_hinglish_03
Annual performance appraisal,Please complete your performance self-review on HR portal before weekend.,"Annual performance appraisal
Please complete your performance self-review on HR portal before weekend.",hi+en,latin,True,True,0,real_curated,legit_hinglish_04
Office Wi-Fi maintenance window,Office Wi-Fi maintenance Saturday ko schedule hai. Intermittent downtime expect karein.,"Office Wi-Fi maintenance window
Office Wi-Fi maintenance Saturday ko schedule hai. Intermittent downtime expect karein.",hi+en,latin,True,True,0,real_curated,legit_hinglish_05
Lunch catch-up,"Thanks for the lunch today, it was really great catching up with everyone.","Lunch catch-up
Thanks for the lunch today, it was really great catching up with everyone.",hi+en,latin,True,True,0,real_curated,legit_hinglish_06
Client discussion notes,Here are the meeting notes from client discussion. Review karein aur updates add karein.,"Client discussion notes
Here are the meeting notes from client discussion. Review karein aur updates add karein.",hi+en,latin,True,True,0,real_curated,legit_hinglish_07
Cab booking confirmation,Your cab booking has been confirmed for 6:00 PM today. Driver details SMS pe aayenge.,"Cab booking confirmation
Your cab booking has been confirmed for 6:00 PM today. Driver details SMS pe aayenge.",hi+en,latin,True,True,0,real_curated,legit_hinglish_08
Urgent: Bank account block warning,"Dear customer, ungal bank account block aagum within 24 hours. Immediate aa link click panni KYC verify pannunga: http://sbi-tamil-kyc.in","Urgent: Bank account block warning
Dear customer, ungal bank account block aagum within 24 hours. Immediate aa link click panni KYC verify pannunga: http://sbi-tamil-kyc.in",ta+en,latin,True,True,1,synthetic_augmented,tanglish_phish_01
TNEB electricity bill payment alert,EB bill pending irukku. Inaiku night power cut aagidum. Pay panna link click pannunga: http://tneb-bill-pay.xyz,"TNEB electricity bill payment alert
EB bill pending irukku. Inaiku night power cut aagidum. Pay panna link click pannunga: http://tneb-bill-pay.xyz",ta+en,latin,True,True,1,synthetic_augmented,tanglish_phish_02
Income tax refund claim,"Income tax refund Rs 22,000 ready aa irukku. Ungal account details submit panni claim pannunga: http://it-refund-tamil.top","Income tax refund claim
Income tax refund Rs 22,000 ready aa irukku. Ungal account details submit panni claim pannunga: http://it-refund-tamil.top",ta+en,latin,True,True,1,synthetic_augmented,tanglish_phish_03
Google Pay unauthorized transaction,Google Pay security alert: Ungal account la suspicious transaction detect aagirukku. Cancel panna click pannunga: http://gpay-cancel.site,"Google Pay unauthorized transaction
Google Pay security alert: Ungal account la suspicious transaction detect aagirukku. Cancel panna click pannunga: http://gpay-cancel.site",ta+en,latin,True,True,1,synthetic_augmented,tanglish_phish_04
Lottery prize winner announcement,Congratulations! Ungal mobile number ku Rs 10 Lakh lottery prize kedachurukku. Claim panna bank OTP share pannunga.,"Lottery prize winner announcement
Congratulations! Ungal mobile number ku Rs 10 Lakh lottery prize kedachurukku. Claim panna bank OTP share pannunga.",ta+en,latin,True,True,1,synthetic_augmented,tanglish_phish_05
Airtel SIM KYC update,Airtel SIM 24 hours la deactivate aagum. Urgent aa e-KYC complete pannunga: http://airtel-kyc.online,"Airtel SIM KYC update
Airtel SIM 24 hours la deactivate aagum. Urgent aa e-KYC complete pannunga: http://airtel-kyc.online",ta+en,latin,True,True,1,synthetic_augmented,tanglish_phish_06
Employee payroll verification required,"Dear employee, ungal payroll verification pending irukku. Salary credit aaga link open panni login pannunga: http://payroll-tamil.net","Employee payroll verification required
Dear employee, ungal payroll verification pending irukku. Salary credit aaga link open panni login pannunga: http://payroll-tamil.net",ta+en,latin,True,True,1,synthetic_augmented,tanglish_phish_07
Amazon order fraud cancellation,Ungal Amazon order of iPhone 15 placed. Neenga order panalana click panni cancel pannunga: http://amazon-cancel.xyz,"Amazon order fraud cancellation
Ungal Amazon order of iPhone 15 placed. Neenga order panalana click panni cancel pannunga: http://amazon-cancel.xyz",ta+en,latin,True,True,1,synthetic_augmented,tanglish_phish_08
Credit card unblock request,HDFC credit card block aagirukku. Unblock panna card details verify pannunga: http://hdfc-unblock.top,"Credit card unblock request
HDFC credit card block aagirukku. Unblock panna card details verify pannunga: http://hdfc-unblock.top",ta+en,latin,True,True,1,synthetic_augmented,tanglish_phish_09
India Post parcel delivery failure,India Post delivery failure: Ungal parcel deliver aagala. Re-delivery ku Rs 25 pay pannunga: http://india-post-redelivery.info,"India Post parcel delivery failure
India Post delivery failure: Ungal parcel deliver aagala. Re-delivery ku Rs 25 pay pannunga: http://india-post-redelivery.info",ta+en,latin,True,True,1,synthetic_augmented,tanglish_phish_10
Project progress report review,"Hi team, project progress report attach panniruken. Check pannitu feedback sollunga.","Project progress report review
Hi team, project progress report attach panniruken. Check pannitu feedback sollunga.",ta+en,latin,True,True,0,real_curated,legit_tanglish_01
Client presentation sync,Tomorrow 3 PM client presentation irukku. Room 402 la meet pannuvom.,"Client presentation sync
Tomorrow 3 PM client presentation irukku. Room 402 la meet pannuvom.",ta+en,latin,True,True,0,real_curated,legit_tanglish_02
Pongal celebration announcement,Pongal festival celebration Friday office la irukku. Traditional wear allow pannuvanga.,"Pongal celebration announcement
Pongal festival celebration Friday office la irukku. Traditional wear allow pannuvanga.",ta+en,latin,True,True,0,real_curated,legit_tanglish_03
Medical insurance update form,Health insurance update form HR portal la open aayiduchu. Ellarum submit pannunga.,"Medical insurance update form
Health insurance update form HR portal la open aayiduchu. Ellarum submit pannunga.",ta+en,latin,True,True,0,real_curated,legit_tanglish_04
Cafeteria weekly menu,Office cafeteria menu update aagirukku. Weekly schedule intranet la irukku.,"Cafeteria weekly menu
Office cafeteria menu update aagirukku. Weekly schedule intranet la irukku.",ta+en,latin,True,True,0,real_curated,legit_tanglish_05
Client call summary,Client call notes attach panniruken. Action items assign pannidalam.,"Client call summary
Client call notes attach panniruken. Action items assign pannidalam.",ta+en,latin,True,True,0,real_curated,legit_tanglish_06
Server maintenance schedule,IT team server maintenance Sunday early morning schedule pannirukanga.,"Server maintenance schedule
IT team server maintenance Sunday early morning schedule pannirukanga.",ta+en,latin,True,True,0,real_curated,legit_tanglish_07
Team lunch plan,Team lunch plan pannalam on Friday. Ellarum timing confirm pannunga.,"Team lunch plan
Team lunch plan pannalam on Friday. Ellarum timing confirm pannunga.",ta+en,latin,True,True,0,real_curated,legit_tanglish_08
apka sbi khata verification,apka sbi bank khata aaj raat band ho jayega. turant kyc verify karein: http://sbi-kyc-renew.in,"apka sbi khata verification
apka sbi bank khata aaj raat band ho jayega. turant kyc verify karein: http://sbi-kyc-renew.in",hi,latin,False,True,1,augmented_transliteration,rom_hi_phish_01
bijli bill disconnection,bijli bill jama nahi hua hai. aaj connection cut ho jayega. abhi pay karein: http://bijli-pay.xyz,"bijli bill disconnection
bijli bill jama nahi hua hai. aaj connection cut ho jayega. abhi pay karein: http://bijli-pay.xyz",hi,latin,False,True,1,augmented_transliteration,rom_hi_phish_02
income tax refund,income tax refund 15000 rupaye manzoor hua hai. claim karne ke liye login karein: http://tax-refund.top,"income tax refund
income tax refund 15000 rupaye manzoor hua hai. claim karne ke liye login karein: http://tax-refund.top",hi,latin,False,True,1,augmented_transliteration,rom_hi_phish_03
gpay fraud alert,apke gpay account me fraud transaction hua hai. turant cancel karein: http://gpay-cancel.site,"gpay fraud alert
apke gpay account me fraud transaction hua hai. turant cancel karein: http://gpay-cancel.site",hi,latin,False,True,1,augmented_transliteration,rom_hi_phish_04
lottery jeet notice,badhai ho! lottery me 10 lakh rupaye jeete hain. lene ke liye otp aur bank details bhejein.,"lottery jeet notice
badhai ho! lottery me 10 lakh rupaye jeete hain. lene ke liye otp aur bank details bhejein.",hi,latin,False,True,1,augmented_transliteration,rom_hi_phish_05
sim band hone ka notice,sim card 24 ghante me band ho jayega. aadhar kyc abhi karein: http://sim-kyc.biz,"sim band hone ka notice
sim card 24 ghante me band ho jayega. aadhar kyc abhi karein: http://sim-kyc.biz",hi,latin,False,True,1,augmented_transliteration,rom_hi_phish_06
salary hold warning,salary hold ho gayi hai. pan aur password verify karein: http://payroll-login.net,"salary hold warning
salary hold ho gayi hai. pan aur password verify karein: http://payroll-login.net",hi,latin,False,True,1,augmented_transliteration,rom_hi_phish_07
credit card block alert,credit card block hone wala hai. turant unblock karein: http://card-unblock.xyz,"credit card block alert
credit card block hone wala hai. turant unblock karein: http://card-unblock.xyz",hi,latin,False,True,1,augmented_transliteration,rom_hi_phish_08
project meeting kal,kal subah 11 baje project meeting hai. sabhi log time par aana.,"project meeting kal
kal subah 11 baje project meeting hai. sabhi log time par aana.",hi,latin,False,True,0,real_curated,legit_rom_hi_01
monthly report review,monthly report attach kar di hai. check karke feedback dena.,"monthly report review
monthly report attach kar di hai. check karke feedback dena.",hi,latin,False,True,0,real_curated,legit_rom_hi_02
holi holiday notice,office holi holiday 25 march ko rahega. sabhi ko shubhkaamnaye.,"holi holiday notice
office holi holiday 25 march ko rahega. sabhi ko shubhkaamnaye.",hi,latin,False,True,0,real_curated,legit_rom_hi_03
health insurance form,health insurance form hr portal par submit karein by friday.,"health insurance form
health insurance form hr portal par submit karein by friday.",hi,latin,False,True,0,real_curated,legit_rom_hi_04
railway booking confirm,train ticket booking confirm ho gayi hai. pnr number message me hai.,"railway booking confirm
train ticket booking confirm ho gayi hai. pnr number message me hai.",hi,latin,False,True,0,real_curated,legit_rom_hi_05
server maintenance notice,server maintenance saturday raat ko 2 ghante chalega.,"server maintenance notice
server maintenance saturday raat ko 2 ghante chalega.",hi,latin,False,True,0,real_curated,legit_rom_hi_06
sbi account block warning,ungal sbi bank account inaiku block aagum. udane kyc verify pannunga: http://sbi-tamil-kyc.in,"sbi account block warning
ungal sbi bank account inaiku block aagum. udane kyc verify pannunga: http://sbi-tamil-kyc.in",ta,latin,False,True,1,augmented_transliteration,rom_ta_phish_01
eb bill cut notice,eb current bill kattala. power cut aaga poguthu. udane kattunga: http://tneb-bill.xyz,"eb bill cut notice
eb current bill kattala. power cut aaga poguthu. udane kattunga: http://tneb-bill.xyz",ta,latin,False,True,1,augmented_transliteration,rom_ta_phish_02
tax refund ready,tax refund 20000 rubai ready. claim panna bank login pannunga: http://tax-refund.top,"tax refund ready
tax refund 20000 rubai ready. claim panna bank login pannunga: http://tax-refund.top",ta,latin,False,True,1,augmented_transliteration,rom_ta_phish_03
gpay security alert,gpay la thappana transaction aagirukku. cancel panna click pannunga: http://gpay-cancel.site,"gpay security alert
gpay la thappana transaction aagirukku. cancel panna click pannunga: http://gpay-cancel.site",ta,latin,False,True,1,augmented_transliteration,rom_ta_phish_04
lottery prize win,lottery la 5 latcham jeyichurukinga. prize vaanga otp share pannunga.,"lottery prize win
lottery la 5 latcham jeyichurukinga. prize vaanga otp share pannunga.",ta,latin,False,True,1,augmented_transliteration,rom_ta_phish_05
sim deactivate warning,sim card inaiku deactivate aagum. udane kyc update pannunga: http://sim-kyc.online,"sim deactivate warning
sim card inaiku deactivate aagum. udane kyc update pannunga: http://sim-kyc.online",ta,latin,False,True,1,augmented_transliteration,rom_ta_phish_06
salary hold warning,salary hold aagirukku. pan card details submit pannunga: http://salary-login.net,"salary hold warning
salary hold aagirukku. pan card details submit pannunga: http://salary-login.net",ta,latin,False,True,1,augmented_transliteration,rom_ta_phish_07
atm card block alert,atm card block aagirukku. unblock panna click pannunga: http://card-unblock.xyz,"atm card block alert
atm card block aagirukku. unblock panna click pannunga: http://card-unblock.xyz",ta,latin,False,True,1,augmented_transliteration,rom_ta_phish_08
project meeting timing,naalaiku mathiyam 2 maniku meeting irukku. ellarum attend pannunga.,"project meeting timing
naalaiku mathiyam 2 maniku meeting irukku. ellarum attend pannunga.",ta,latin,False,True,0,real_curated,legit_rom_ta_01
monthly report check,monthly report attach panniruken. check pannitu sollunga.,"monthly report check
monthly report attach panniruken. check pannitu sollunga.",ta,latin,False,True,0,real_curated,legit_rom_ta_02
pongal leave notice,pongal leave 3 days irukku. office circular intranet la irukku.,"pongal leave notice
pongal leave 3 days irukku. office circular intranet la irukku.",ta,latin,False,True,0,real_curated,legit_rom_ta_03
medical insurance form,medical insurance form fill panni submit pannunga.,"medical insurance form
medical insurance form fill panni submit pannunga.",ta,latin,False,True,0,real_curated,legit_rom_ta_04
ticket confirm,train ticket confirm aayiduchu. safe journey.,"ticket confirm
train ticket confirm aayiduchu. safe journey.",ta,latin,False,True,0,real_curated,legit_rom_ta_05
internet maintenance,sunday morning internet maintenance nadakkum.,"internet maintenance
sunday morning internet maintenance nadakkum.",ta,latin,False,True,0,real_curated,legit_rom_ta_06
